n_games0,playerScoreProRound0,playerTotalScore0,PlayedTimeBeforeDeath0,TotalPlayedTimeBeforeDeath0,MeanScore0,TimeOverScore0,TotalNumberofDeath0,TimeOverDeath0,Epsilon0,SnakeEatenProRound0,ApplesEatenProRound0,TotalSnakeEaten0,TotalApplesEaten0,SnakeEatenOverScore0,ApplesEatenOverScore0,CurrentState0
1,2,2,6.423627138137817,6.423627138137817,2.0,3.2118135690689087,1,6.423627138137817,43,0,4,4,0,2.0,0.0,I collided with myself
1,0,0,2.025916337966919,2.025916337966919,0.0,2.025916337966919,1,2.025916337966919,84,0,1,1,0,1.0,0.0,I collided with the wall
2,1,1,2.360691547393799,4.386607885360718,0.5,4.386607885360718,2,2.193303942680359,64,0,1,2,0,2.0,0.0,I collided with myself
3,1,2,4.719651937484741,9.106259822845459,0.6666666666666666,4.5531299114227295,3,3.0354199409484863,24,0,1,3,0,1.5,0.0,I collided with the wall
1,0,0,0.030305862426757812,0.030305862426757812,0.0,0.030305862426757812,1,0.030305862426757812,99,0,0,0,0,0,0,I collided with the wall
2,0,0,0.7380425930023193,0.7683484554290771,0.0,0.7683484554290771,2,0.3841742277145386,94,0,0,0,0,0,0,I collided with the wall
3,0,0,0.02281332015991211,0.7911617755889893,0.0,0.7911617755889893,3,0.2637205918629964,93,0,0,0,0,0,0,I collided with the wall
4,0,0,7.770978927612305,8.562140703201294,0.0,8.562140703201294,4,2.1405351758003235,40,0,0,0,0,0,0,I collided with the wall
