n_games6,playerScoreProRound6,playerTotalScore6,PlayedTimeBeforeDeath6,TotalPlayedTimeBeforeDeath6,MeanScore6,TimeOverScore6,TotalNumberofDeath6,TimeOverDeath6,Epsilon6,SnakeEatenProRound6,ApplesEatenProRound6,TotalSnakeEaten6,TotalApplesEaten6,SnakeEatenOverScore6,ApplesEatenOverScore6,CurrentState6
1,0,0,0.02422475814819336,0.02422475814819336,0.0,0.02422475814819336,1,0.02422475814819336,99,0,0,0,0,0,0,I collided with the wall
1,1,1,4.682131767272949,4.682131767272949,1.0,4.682131767272949,1,4.682131767272949,62,0,2,2,0,2.0,0.0,I collided with myself
2,0,1,1.1285557746887207,5.81068754196167,0.5,5.81068754196167,2,2.905343770980835,52,0,0,2,0,2.0,0.0,I collided with the wall
3,0,1,4.403597354888916,10.214284896850586,0.3333333333333333,10.214284896850586,3,3.404761632283529,14,0,0,2,0,2.0,0.0,I collided with the wall
4,0,1,0.8389959335327148,11.0532808303833,0.25,11.0532808303833,4,2.763320207595825,6,0,0,2,0,2.0,0.0,I collided with the wall
1,0,0,5.948344469070435,5.948344469070435,0.0,5.948344469070435,1,5.948344469070435,60,0,0,0,0,0,0,I collided with the wall
2,0,0,3.7197461128234863,9.668090581893921,0.0,9.668090581893921,2,4.8340452909469604,34,0,0,0,0,0,0,I collided with the wall
3,0,0,4.395686149597168,14.063776731491089,0.0,14.063776731491089,3,4.687925577163696,2,0,0,0,0,0,0,I collided with the wall
