n_games8,playerScoreProRound8,playerTotalScore8,PlayedTimeBeforeDeath8,TotalPlayedTimeBeforeDeath8,MeanScore8,TimeOverScore8,TotalNumberofDeath8,TimeOverDeath8,Epsilon8,SnakeEatenProRound8,ApplesEatenProRound8,TotalSnakeEaten8,TotalApplesEaten8,SnakeEatenOverScore8,ApplesEatenOverScore8,CurrentState8
1,1,1,4.147077798843384,4.147077798843384,1.0,4.147077798843384,1,4.147077798843384,61,0,3,3,0,3.0,0.0,I collided with the wall
1,0,0,1.4146263599395752,1.4146263599395752,0.0,1.4146263599395752,1,1.4146263599395752,89,0,1,1,0,1,0,I collided with the wall
2,0,0,0.12632966041564941,1.5409560203552246,0.0,1.5409560203552246,2,0.7704780101776123,87,0,0,1,0,1,0,I collided with the wall
3,0,0,5.750335454940796,7.2912914752960205,0.0,7.2912914752960205,3,2.4304304917653403,39,0,0,1,0,1,0,I collided with the wall
4,0,0,1.9657847881317139,9.257076263427734,0.0,9.257076263427734,4,2.3142690658569336,22,0,0,1,0,1,0,I collided with the wall
