n_games3,playerScoreProRound3,playerTotalScore3,PlayedTimeBeforeDeath3,TotalPlayedTimeBeforeDeath3,MeanScore3,TimeOverScore3,TotalNumberofDeath3,TimeOverDeath3,Epsilon3,SnakeEatenProRound3,ApplesEatenProRound3,TotalSnakeEaten3,TotalApplesEaten3,SnakeEatenOverScore3,ApplesEatenOverScore3,CurrentState3
1,0,0,5.678087472915649,5.678087472915649,0.0,5.678087472915649,1,5.678087472915649,47,0,4,4,0,4.0,0.0,I collided with the wall
2,1,1,1.5243682861328125,7.202455759048462,0.5,7.202455759048462,2,3.601227879524231,35,0,0,4,0,4.0,0.0,I collided with the wall
3,0,1,0.7818691730499268,7.984324932098389,0.3333333333333333,7.984324932098389,3,2.6614416440327964,25,0,0,4,0,4.0,0.0,I collided with the wall
1,0,0,3.6372430324554443,3.6372430324554443,0.0,3.6372430324554443,1,3.6372430324554443,71,0,1,1,0,1,0,I collided with the wall
2,0,0,3.014481782913208,6.651724815368652,0.0,6.651724815368652,2,3.325862407684326,45,0,0,1,0,1,0,I collided with the wall
3,0,0,0.023461341857910156,6.6751861572265625,0.0,6.6751861572265625,3,2.225062052408854,44,0,0,1,0,1,0,I collided with the wall
1,0,0,1.0513558387756348,1.0513558387756348,0.0,1.0513558387756348,1,1.0513558387756348,93,0,0,0,0,0.0,0.0,I collided with the wall
2,2,2,7.410258769989014,8.461614608764648,1.0,4.230807304382324,2,4.230807304382324,43,0,2,2,0,1.0,0.0,I collided with the wall
3,0,2,0.6920318603515625,9.153646469116211,0.6666666666666666,4.5768232345581055,3,3.051215489705404,37,0,0,2,0,1.0,0.0,I collided with the wall
